id,name,countryid,phone_number,Email
94,(SALA  (CTS,10,0506921212,0506921212@super.student.com
95,*ג'יי.די.אי,28,0502043151,0502043151@super.student.com
96,---,57,0543528960,0543528960@super.student.com
97,.,10,0573661894,0573661894@super.student.com
98,ABBOT,7,0581815354,0581815354@super.student.com
99,ALIMENTARI CLEMME,3,0541534687,0541534687@super.student.com
100,ARDO,10,0583820875,0583820875@super.student.com
101,B.V BERGBANKET,4,0574784442,0574784442@super.student.com
102,B.V KAAS HAZELEGER,4,0542516530,0542516530@super.student.com
103,back and Snack,60,0534754105,0534754105@super.student.com
104,BAKERY JACOBSENS,37,0584679237,0584679237@super.student.com
105,BANKETGRORP DE,4,0521118570,0521118570@super.student.com
106,BAT,14,0526139700,0526139700@super.student.com
107,BE NOW,33,0587587169,0587587169@super.student.com
108,BEUKELAER DE GRRESSON,2,0587898928,0587898928@super.student.com
109,BV BISCUIT PALLY,4,0579795116,0579795116@super.student.com
110,BX.P,2,0527016859,0527016859@super.student.com
111,c coconut Theppadungporn,22,0539164282,0539164282@super.student.com
112,CA,10,0532969636,0532969636@super.student.com
113,CANDLE ITBRIGHT,33,0589944561,0589944561@super.student.com
114,CANNED QIWWEI LINYI,33,0519219930,0519219930@super.student.com
115,CANNING FRUIT KUIBURI,22,0504677638,0504677638@super.student.com
116,CHEMIPAL  FISHER (BIO,10,0585895751,0585895751@super.student.com
117,CO FOODS LIYUAN HEBEI,33,0576920539,0576920539@super.student.com
118,COCONUT THAI,22,0566428493,0566428493@super.student.com
119,COLEPCCL,26,0575856517,0575856517@super.student.com
120,d.o.o Lukowa,36,0508417401,0508417401@super.student.com
121,D.R.PROD,24,0578221976,0578221976@super.student.com
122,DB,22,0548460939,0548460939@super.student.com
123,DELICA,10,0575760070,0575760070@super.student.com
124,DEMICLEN,57,0526292889,0526292889@super.student.com
125,DEOFLOR,3,0524724263,0524724263@super.student.com
126,DIGESTIVE MCVITIES,14,0536124996,0536124996@super.student.com
127,"DPL בע""מ",10,0561856566,0561856566@super.student.com
128,EDGEWELL,18,0517149803,0517149803@super.student.com
129,EFFEFFE,3,0572137171,0572137171@super.student.com
130,Elif,14,0513258030,0513258030@super.student.com
131,energy Monster סרביה,36,0576668031,0576668031@super.student.com
132,FARMS PRESTON,18,0547370337,0547370337@super.student.com
133,FISK EKKO,37,0588024126,0588024126@super.student.com
134,FOO BRANDED BORGES,19,0585125362,0585125362@super.student.com
135,FOOD GENERAL SAPANAN,22,0537164746,0537164746@super.student.com
136,food pet united,6,0519001923,0519001923@super.student.com
137,FOODS HARVEST DEZHOU,33,0577553830,0577553830@super.student.com
138,FOODS HUIXANG JIANGSU,33,0508505473,0508505473@super.student.com
139,FOODS VIUBE,19,0513619527,0513619527@super.student.com
140,G Weihenstephan Molkerei,2,0581221754,0581221754@super.student.com
141,GERARD DR,9,0518637595,0518637595@super.student.com
142,GMBH NTX,2,0569118529,0569118529@super.student.com
143,GRUDAI KAUNO,55,0535513706,0535513706@super.student.com
144,HELLAS BEIERSDORF,19,0514693651,0514693651@super.student.com
145,HFC פרסטיג'\,2,0543556020,0543556020@super.student.com
146,HQP,33,0587321525,0587321525@super.student.com
147,INC UFO,33,0578104814,0578104814@super.student.com
148,INDUSTRY ANLIDA LONGHAI FUJIAN,33,0557097737,0557097737@super.student.com
149,JDE,10,0557913680,0557913680@super.student.com
150,JLM גלובל פודסn37\ דרך א,5,0515480306,0515480306@super.student.com
151,jti,14,0505902698,0505902698@super.student.com
152,Kaffee Melitta,2,0568828515,0568828515@super.student.com
153,KARAVELLA,31,0526617502,0526617502@super.student.com
154,KARPAI,10,0531275918,0531275918@super.student.com
155,KONSERVENFABRI BALTUSSEN,4,0509684925,0509684925@super.student.com
156,LT F.H.P.CO,33,0571530328,0571530328@super.student.com
157,LT R.E.P.CO,22,0584911904,0584911904@super.student.com
158,LTD 99 CIMA,23,0537553239,0537553239@super.student.com
159,ltd co produce Uthai,22,0539304418,0539304418@super.student.com
160,LTD T.G.C,33,0539804796,0539804796@super.student.com
161,ltdn s.k.a.tסנו מפעלי בר,33,0573551363,0573551363@super.student.com
162,LUV.N`CARE,33,0576232745,0576232745@super.student.com
163,MEXICAN GREEN,21,0525459896,0525459896@super.student.com
164,MICLEN DE,57,0562643318,0562643318@super.student.com
165,MLEKOVITA,9,0561083994,0561083994@super.student.com
166,MORDOVPROM,28,0585806020,0585806020@super.student.com
167,MORE,33,0581558436,0581558436@super.student.com
168,N.R.CO.LTD,33,0544356117,0544356117@super.student.com
169,NV AOR,8,0525740314,0525740314@super.student.com
170,O.T.G,2,0556860909,0556860909@super.student.com
171,OBST,9,0526694453,0526694453@super.student.com
172,P&G,27,0512446430,0512446430@super.student.com
173,PAKTEN,14,0514232098,0514232098@super.student.com
174,PECANS J&G,10,0524392002,0524392002@super.student.com
175,PIP D.O.O,36,0509359164,0509359164@super.student.com
176,PONTU BORGES ACEITES,19,0553296099,0553296099@super.student.com
177,PRC,33,0545393417,0545393417@super.student.com
178,PROCHAMP,4,0509810040,0509810040@super.student.com
179,PRODUC UES DAILY JIEYANG,33,0552850015,0552850015@super.student.com
180,PRODUCTS FOOD HIQ,22,0511859936,0511859936@super.student.com
181,PUB FOODS PRESIDENT THAI,22,0509688649,0509688649@super.student.com
182,Raal El Conservas,19,0565344918,0565344918@super.student.com
183,RIVOIRA,3,0535355613,0535355613@super.student.com
184,RNB,19,0528652381,0528652381@super.student.com
185,ROUVEEN,4,0548194734,0548194734@super.student.com
186,S.A MEVGAL,21,0555828519,0555828519@super.student.com
187,S.L AEROLS FOOD,19,0589989273,0589989273@super.student.com
188,SANAVI A.P,14,0522339517,0522339517@super.student.com
189,SAS FIDELE,6,0508547383,0508547383@super.student.com
190,Schwartauer,2,0506344627,0506344627@super.student.com
191,SETIA LAL CHAMAN,24,0587621480,0587621480@super.student.com
192,"SLANY,SPOL.SR.O EKOFRUKT",27,0586706489,0586706489@super.student.com
193,SOCICO CON S.R.L AR,3,0524829981,0524829981@super.student.com
194,SPA MENNUCCI PASTIFICI,3,0524411234,0524411234@super.student.com
195,SPA POLLI F.LLI,3,0584343632,0584343632@super.student.com
196,SRI VALPIZZA,3,0516827907,0516827907@super.student.com
197,SRL NUTKAO,3,0579637552,0579637552@super.student.com
198,SWARZEDZ DRAMERSSA,9,0544662333,0544662333@super.student.com
199,TECHONGGIES TAIKONE,33,0551846372,0551846372@super.student.com
200,Tic Ve San Gida Oz Kemal,14,0542120076,0542120076@super.student.com
201,Tuffy's,18,0515664111,0515664111@super.student.com
202,TYF סחר,33,0507537431,0507537431@super.student.com
203,UAB FOODS CERERA,32,0542234202,0542234202@super.student.com
204,URUNLERSAN BOZKURTZIRAI,14,0521612970,0521612970@super.student.com
205,VANDERSTERRE,4,0541538607,0541538607@super.student.com
206,want-want,33,0585716813,0585716813@super.student.com
207,WEIFANG,33,0574771990,0574771990@super.student.com
208,א. לואקר,16,0563216504,0563216504@super.student.com
209,א. לואקר אס. פי. אי-אי.,3,0519165680,0519165680@super.student.com
210,א.ג פאפאגופולוס,21,0511199380,0511199380@super.student.com
211,"א.ג. גילרו בע""\מ",10,0553297111,0553297111@super.student.com
212,א.י.ן תעשיות,10,0526850699,0526850699@super.student.com
213,א.ל ארמן,10,0531489295,0531489295@super.student.com
214,א.ל ייצור ושיווק תבלינים,10,0502640324,0502640324@super.student.com
215,"א.מ.ש.י תעשיות בע""מ",10,0569762498,0569762498@super.student.com
216,אבוט,7,0568724562,0568724562@super.student.com
217,אגה אזיר איסק סאניי,14,0505904193,0505904193@super.student.com
218,אגס ירוק מסחר ושירותים,10,0556658625,0556658625@super.student.com
219,אגריקולה קנטלחוס,49,0511376151,0511376151@super.student.com
220,"אגרנה צוקר בע""מ",9,0552219253,0552219253@super.student.com
221,אדיר,25,0562780455,0562780455@super.student.com
222,אדרגנה,3,0575855365,0575855365@super.student.com
223,אוגוסט שטורק,2,0515227848,0515227848@super.student.com
224,אודסה,21,0561630836,0561630836@super.student.com
225,אוליביה,10,0521935256,0521935256@super.student.com
226,אוליביה בעמ,10,0564092345,0564092345@super.student.com
227,"אוליביה גורמה בע""מ",10,0546337256,0546337256@super.student.com
228,"אוליביה גרומה בע""מ",10,0532576773,0532576773@super.student.com
229,אולקר,14,0569923394,0569923394@super.student.com
230,"אולקר מקבוצת פלאדיס, ציק",14,0573353541,0573353541@super.student.com
231,אופרה,10,0561406737,0561406737@super.student.com
232,אוקיי סנקס,37,0585546137,0585546137@super.student.com
233,אורביט,27,0562715975,0562715975@super.student.com
234,אחדות,10,0561688301,0561688301@super.student.com
235,"אחדות בע""מ א.ת. ברקן",10,0517633955,0517633955@super.student.com
236,אחים גטניו,10,0503850435,0503850435@super.student.com
237,"אחים פפושדו ובניהם בע""\מ",10,0524452684,0524452684@super.student.com
238,"אחים פפושדו ובניהם בע""מ",10,0514947087,0514947087@super.student.com
239,אידיאל סנייק,21,0578920509,0578920509@super.student.com
240,"איי, בי, אינבוו",5,0577965900,0577965900@super.student.com
241,איי. אס. לטבייאס בלזם,31,0518067524,0518067524@super.student.com
242,אייבי מאורי,3,0529589858,0529589858@super.student.com
243,אייברקקאו אס אי. יו,19,0581599595,0581599595@super.student.com
244,אינבב בלגיה,8,0537083593,0537083593@super.student.com
245,אינבב.ברוורייליין1,8,0523191909,0523191909@super.student.com
246,אינדוסטריה אגריקולה,51,0545893951,0545893951@super.student.com
247,אינדיאן סאמר קו אופ אינק,18,0532257887,0532257887@super.student.com
248,אינוורסינס פריסקו,58,0557854295,0557854295@super.student.com
249,אינטרסן,10,0582910629,0582910629@super.student.com
250,אינטרקוסמא,10,0532613303,0532613303@super.student.com
251,איניבידואל-שסטו,10,0575457112,0575457112@super.student.com
252,איפק,14,0508165403,0508165403@super.student.com
253,איקה חקלאות,10,0577028655,0577028655@super.student.com
254,אל.אל.סי ג'\ייקובס דאו א,28,0586055827,0586055827@super.student.com
255,אלבגינו,9,0506802831,0506802831@super.student.com
256,אלגרצ'ו,10,0502751359,0502751359@super.student.com
257,אלדור,62,0589050338,0589050338@super.student.com
258,אלדס פודס,24,0573194204,0573194204@super.student.com
259,אלון שלו,10,0576236839,0576236839@super.student.com
260,"אלטיה קורפ, הלסינקי, פינ",54,0528752105,0528752105@super.student.com
261,אלטינמארקה,14,0532158460,0532158460@super.student.com
262,אליעד בית בד בגולן,10,0557241804,0557241804@super.student.com
263,אליף פלסטיק,33,0551168138,0551168138@super.student.com
264,אלכסנדר גורדון ושות'\,5,0522018386,0522018386@super.student.com
265,אלסום ביגנדו,10,0579836098,0579836098@super.student.com
266,אלפיה,2,0526720393,0526720393@super.student.com
267,אלפרד ריטר,2,0523162598,0523162598@super.student.com
268,אלפרו C.V.A,8,0548605821,0548605821@super.student.com
269,אלת'אה אס.פי.איי,31,0569047234,0569047234@super.student.com
270,אם החיטה,10,0534445069,0534445069@super.student.com
271,אמיליאנה קונסרב סוסייטה,3,0563031217,0563031217@super.student.com
272,אמיליה קוסמטיקס,14,0508587496,0508587496@super.student.com
273,אמיליה קוסמטיקס בע'\'\מ,10,0589881481,0589881481@super.student.com
274,אמיליה קוסמטיקס בעמ,10,0522460675,0522460675@super.student.com
275,אמיר פלג,10,0512819509,0512819509@super.student.com
276,אנדורס,6,0554424596,0554424596@super.student.com
277,אנסטל מילק kg,16,0504691762,0504691762@super.student.com
278,אנסטסיו,47,0564322115,0564322115@super.student.com
279,אנרג'ייזר,33,0563894332,0563894332@super.student.com
280,אס סי ג'ונסון,9,0548093280,0548093280@super.student.com
281,אס סי מודסט,55,0521723343,0521723343@super.student.com
282,אס קפקס קימיה,10,0544904009,0544904009@super.student.com
283,אס.סי.ג'\ונסון מידרכט,4,0555666080,0555666080@super.student.com
284,"אס.סי.ג'\ונסון מידרכט, ה",4,0589519446,0589519446@super.student.com
285,אס.פי.דז.או.או.,9,0503874764,0503874764@super.student.com
286,אסטוניש,5,0545945503,0545945503@super.student.com
287,אסטוניש -לידס,5,0526091688,0526091688@super.student.com
288,אסיאטיק אגרו אינדוסטרי,22,0508232549,0508232549@super.student.com
289,אסיאן אליאנס,22,0562593252,0562593252@super.student.com
290,אסיף תעשיות מזון,10,0562178851,0562178851@super.student.com
291,"אסיף תעשיות מזון בע""\מ",10,0549058908,0549058908@super.student.com
292,אסם,62,0508509601,0508509601@super.student.com
293,"אסם השקעות בע""\מ",10,0578152252,0578152252@super.student.com
294,"אסם השקעות בע""\מ )מפעל ב",10,0536306379,0536306379@super.student.com
295,"אסם השקעות בע""מ",10,0561450948,0561450948@super.student.com
296,אסם יקנעם,10,0586810599,0586810599@super.student.com
297,אסק פסטה,14,0538342862,0538342862@super.student.com
298,אסקום קונפקשיין,2,0507219001,0507219001@super.student.com
299,אף.ג'\יי.סנצ'\ז סוקחורס,19,0538075258,0538075258@super.student.com
300,אפקט טבעי,10,0577458908,0577458908@super.student.com
301,אקו ביט,9,0516041932,0516041932@super.student.com
302,אקו וויט,9,0532666551,0532666551@super.student.com
303,אקווה מינרלה סאן בנדטו ב,3,0575287094,0575287094@super.student.com
304,אקסן קוסמטיק,14,0584455822,0584455822@super.student.com
305,אקספולנקה,53,0501076792,0501076792@super.student.com
306,אקספורסדורה לוס,49,0587356644,0587356644@super.student.com
307,אר גי אם תעשיות,10,0564085120,0564085120@super.student.com
308,אר. טווינינגס אנד קומפני,9,0552407485,0552407485@super.student.com
309,אריויה ס.א.,21,0578976138,0578976138@super.student.com
310,ארלה פודס אמבה,37,0574879260,0574879260@super.student.com
311,אשבול,10,0562920701,0562920701@super.student.com
312,אשבל בעמ,10,0582579995,0582579995@super.student.com
313,אשפלסט,22,0584733598,0584733598@super.student.com
314,אתי,14,0503718406,0503718406@super.student.com
315,"ב.א. מזון בע""\מ",10,0511047352,0511047352@super.student.com
316,באלסן,9,0544434031,0544434031@super.student.com
317,בובארד איטליה אס.פי.איי,3,0542820429,0542820429@super.student.com
318,בוטו,33,0554681874,0554681874@super.student.com
319,בולטון,3,0529571749,0529571749@super.student.com
320,"בולטון אלימנטרי בע""\מ",3,0504726375,0504726375@super.student.com
321,בומד,2,0583655396,0583655396@super.student.com
322,בונגה פולין,9,0568915147,0568915147@super.student.com
323,בונומי ס.פ.א,3,0511489230,0511489230@super.student.com
324,בונז'ור,10,0572059063,0572059063@super.student.com
325,בוסקה,3,0507719130,0507719130@super.student.com
326,בוסתן עשבי תיבול,10,0562131918,0562131918@super.student.com
327,בייבי פסטה,10,0557034271,0557034271@super.student.com
328,בייגל את בייגל מזון 198),10,0546463899,0546463899@super.student.com
329,ביירסדורף,14,0545505649,0545505649@super.student.com
330,ביירסדורץ,10,0501432255,0501432255@super.student.com
331,בים סנטורי,18,0584662007,0584662007@super.student.com
332,בינגו ס.איי,21,0523687838,0523687838@super.student.com
333,בינו,10,0551110873,0551110873@super.student.com
334,ביסנצורי,19,0525916047,0525916047@super.student.com
335,ביסקוויט סנט ג'\ורג'\,6,0573407047,0573407047@super.student.com
336,ביסקוויטס טור ד'\אלבון,6,0582489477,0582489477@super.student.com
337,ביסקוטר ת.ס הרנטיס,8,0577636655,0577636655@super.student.com
338,"ביסקול בע""מ",10,0515691153,0515691153@super.student.com
339,"בית השיטה תעשיות בע""\מ",10,0513402014,0513402014@super.student.com
340,בית ויסוצקי,10,0574417900,0574417900@super.student.com
341,בית יצחק,10,0538321985,0538321985@super.student.com
342,בית-השיטה עסיס תעשיות מז,10,0581356617,0581356617@super.student.com
343,"בית-השיטה תעשיות בע""\מ",10,0544877859,0544877859@super.student.com
344,בלדי,47,0558469777,0558469777@super.student.com
345,בלו גלו,14,0529025032,0529025032@super.student.com
346,בלקוני,3,0555247623,0555247623@super.student.com
347,בן & ג'\ריס,18,0549479561,0549479561@super.student.com
348,בנדיקטינר וויצבראו,2,0526883052,0526883052@super.student.com
349,בני דרום,10,0539461943,0539461943@super.student.com
350,בנליין פודס,36,0559829458,0559829458@super.student.com
351,בסט סין,33,0522602223,0522602223@super.student.com
352,"בקרדי בע""מ",2,0515977116,0515977116@super.student.com
353,בקרדי בעמ,2,0519145208,0519145208@super.student.com
354,בר רב מפעלי תעשיה,10,0512964911,0512964911@super.student.com
355,בר רב מפעלי תעשייה והשקע,10,0541026443,0541026443@super.student.com
356,בראשית,10,0531818218,0531818218@super.student.com
357,"ברט בע""מ",10,0517308163,0517308163@super.student.com
358,בריגן קי ג'י,2,0585491138,0585491138@super.student.com
359,בריגן קי. ג'י,2,0562558163,0562558163@super.student.com
360,ברילה,10,0558184869,0558184869@super.student.com
361,ג'\ון ווקר ובניו,5,0506489050,0506489050@super.student.com
362,ג'\וני ווקר ובניו,5,0504628131,0504628131@super.student.com
363,ג'\ונסון אנד ג'\ונסון,21,0572533041,0572533041@super.student.com
364,ג'\ייקובס דאו אגברטס,6,0526474607,0526474607@super.student.com
365,ג'\ייקובס דאו אגברטס צרפ,6,0531220172,0531220172@super.student.com
366,ג'\ייקובס דאו אגרבטס צרפ,6,0509911806,0509911806@super.student.com
367,"ג'\ייקובס דאו אגרבטס, צר",6,0586342774,0586342774@super.student.com
368,ג'\ילט,18,0524306453,0524306453@super.student.com
369,ג'\קובס דאו אגברטס צרפת,6,0516737652,0516737652@super.student.com
370,ג'וני ווקר,5,0568257322,0568257322@super.student.com
371,ג'ונסון,35,0576250249,0576250249@super.student.com
372,ג'ונסונס בייבי,9,0548438851,0548438851@super.student.com
373,ג'יי.די.אי.,28,0555085938,0555085938@super.student.com
374,ג'מס,10,0542683157,0542683157@super.student.com
375,ג'נרל מילס,49,0535206560,0535206560@super.student.com
376,"ג.מ טעם הארץ בע""\ם",10,0512776226,0512776226@super.student.com
377,גאבה,1,0555889254,0555889254@super.student.com
378,גאטא קוסמטיקה,54,0575909810,0575909810@super.student.com
379,גאטטיקו איטליה,3,0525283109,0525283109@super.student.com
380,גבינות משק יעקבס,10,0562190789,0562190789@super.student.com
381,גו פרוסלבה,19,0543077024,0543077024@super.student.com
382,גוד פוד פרודקטס,9,0552746361,0552746361@super.student.com
383,גודייבה,14,0526487643,0526487643@super.student.com
384,גונן שדה,10,0538547986,0538547986@super.student.com
385,גזר שליט,10,0515022956,0515022956@super.student.com
386,גידה,14,0559504292,0559504292@super.student.com
387,גידולי אגו,10,0569374947,0569374947@super.student.com
388,גידרון,10,0532585367,0532585367@super.student.com
389,גילרו,10,0569747462,0569747462@super.student.com
390,"גילרו בע""\מ",10,0568933490,0568933490@super.student.com
391,גימי פרודוכטס בי וי,4,0511009153,0511009153@super.student.com
392,גיקובס דאו אגברטס צרפת,6,0551772498,0551772498@super.student.com
393,גלידות נסטלה,10,0556595104,0556595104@super.student.com
394,גלידות נסטלה )נגה גלידות,10,0531354497,0531354497@super.student.com
395,גלידות פלדמן,10,0502379520,0502379520@super.student.com
396,"גלידות שטראוס בע""\מ, רח\",10,0556020415,0556020415@super.student.com
397,"גלידת שטראוס בע""\מ",10,0582972213,0582972213@super.student.com
398,"גלידת שטראוס בע""\מ רח'\",10,0512288317,0512288317@super.student.com
399,"גלידת שטראוס בע""\מ, רח'\",10,0527728122,0527728122@super.student.com
400,גליל כימיקלים,10,0509239474,0509239474@super.student.com
401,גליקסמן,10,0546996909,0546996909@super.student.com
402,גניר,10,0574786006,0574786006@super.student.com
403,גרופה אינקו,9,0549961937,0549961937@super.student.com
404,גריי גוס,6,0552202766,0552202766@super.student.com
405,גרנט'ס,7,0576195131,0576195131@super.student.com
406,גרנייה טיפוח,8,0547882603,0547882603@super.student.com
407,גת,10,0524013292,0524013292@super.student.com
408,גת גבעת חיים,10,0565309115,0565309115@super.student.com
409,דאליאן גואופואקאטיק,33,0521753570,0521753570@super.student.com
410,דארי קוספאט אס. איי. או,38,0543535794,0543535794@super.student.com
411,דגנית עין בר,10,0586397973,0586397973@super.student.com
412,דגנית עין בר תעשיות מזון,10,0528739345,0528739345@super.student.com
413,דגת הארץ,10,0529465804,0529465804@super.student.com
414,דובל מורטגט,8,0572196184,0572196184@super.student.com
415,"דובק בע""מ",10,0521535260,0521535260@super.student.com
416,דודו איטליאן פרודקטס בע\,10,0539404299,0539404299@super.student.com
417,דויד קמפרי,3,0532864344,0532864344@super.student.com
418,דורות,10,0575783861,0575783861@super.student.com
419,דורינג,1,0513114269,0513114269@super.student.com
420,דורסל,8,0567116360,0567116360@super.student.com
421,די.פי.אל,10,0538182423,0538182423@super.student.com
422,די.פי.אל תעשיות מוצרים ח,10,0571418811,0571418811@super.student.com
423,דיאג'\ו,3,0557315605,0557315605@super.student.com
424,דילייט,10,0579227206,0579227206@super.student.com
425,דינמיק,10,0511476474,0511476474@super.student.com
426,דינמיק תעשיות מגבונים,10,0578008155,0578008155@super.student.com
427,דלה פרוטה,3,0543866685,0543866685@super.student.com
428,דלה פרוטה וינסנזו ספא,3,0581393630,0581393630@super.student.com
429,דלידג - נטו,49,0519678805,0519678805@super.student.com
430,דלידג בעמ,10,0519354640,0519354640@super.student.com
431,דנאגיס,10,0519628912,0519628912@super.student.com
432,דראגסבייאק,37,0538757585,0538757585@super.student.com
433,דרדנל אוננטאס גידה,14,0527733909,0527733909@super.student.com
434,דרוגיה ואלימנטרי אס.אר.א,3,0585126019,0585126019@super.student.com
435,"דרך השוקולד ,1 צפת 13404",10,0549789180,0549789180@super.student.com
436,"ה.י היינץ הולדינג בי.וי,",4,0544860259,0544860259@super.student.com
437,הגביע,10,0564242301,0564242301@super.student.com
438,"הגביע מוצרי וופלים בע""\מ",10,0559861403,0559861403@super.student.com
439,"הגביע מוצרי ופלים בע""\מ",10,0505185944,0505185944@super.student.com
440,הדיקלאים,10,0509780327,0509780327@super.student.com
441,הורמל,18,0554152716,0554152716@super.student.com
442,החברה המרכזית לייצור משק,10,0578878662,0578878662@super.student.com
443,היי וונג,42,0505320151,0505320151@super.student.com
444,היי סישל סוהן טראבן,2,0533174918,0533174918@super.student.com
445,היין סלסטיאל גרופ,18,0513442087,0513442087@super.student.com
446,היינץ,19,0569825399,0569825399@super.student.com
447,היינקן,10,0552703811,0552703811@super.student.com
448,הכורמים,10,0507943829,0507943829@super.student.com
449,הלמה הלום בי.וי,4,0559598460,0559598460@super.student.com
450,הלניק,21,0572876276,0572876276@super.student.com
451,הנדריקס פודס,18,0554263114,0554263114@super.student.com
452,הנמל,50,0501112697,0501112697@super.student.com
453,"הנמל אריזות ושיווק בע""\מ",33,0509773221,0509773221@super.student.com
454,הנסיך,10,0574676938,0574676938@super.student.com
455,הנקל,36,0539902841,0539902841@super.student.com
456,הנקל סוד,57,0552061548,0552061548@super.student.com
457,"הנקל סוד בע""\מ",36,0564043843,0564043843@super.student.com
458,הנקל סוד בעמ,36,0544279085,0544279085@super.student.com
459,הנרי ויליך,4,0538908042,0538908042@super.student.com
460,הר ברכה,10,0514741036,0514741036@super.student.com
461,הרטו,5,0549907313,0549907313@super.student.com
462,"הררית מזון בע""מ",10,0551569632,0551569632@super.student.com
463,הרשי,18,0543657192,0543657192@super.student.com
464,השחר,10,0581359978,0581359978@super.student.com
465,השחר העולה,10,0521924858,0521924858@super.student.com
466,ואל קור קורסניני אס אנ ס,3,0576332512,0576332512@super.student.com
467,ואליו אל.טי.די,54,0553994014,0553994014@super.student.com
468,וגאן איסלר,14,0579893668,0579893668@super.student.com
469,וויטליה,56,0548033571,0548033571@super.student.com
470,ווייקה פארמס,5,0529594835,0529594835@super.student.com
471,וויסר קאשנדל בי.וי,4,0581999731,0581999731@super.student.com
472,וורטמן,20,0555641387,0555641387@super.student.com
473,וורנר טורנש,2,0578188783,0578188783@super.student.com
474,וטנ,6,0535814401,0535814401@super.student.com
475,"ויינשטפן, ת.ד 1155 פרייז",2,0549774573,0549774573@super.student.com
476,ויליגר,22,0527387293,0527387293@super.student.com
477,ויליגר תעשיות בעמ,45,0557387410,0557387410@super.student.com
478,וינובלה,6,0571875166,0571875166@super.student.com
479,ויסוצקי,10,0585141477,0585141477@super.student.com
480,ון דר מולן,4,0548811577,0548811577@super.student.com
481,ז'נטי אס.פי.אי,3,0584146673,0584146673@super.student.com
482,זאנגזו גאנגצ'נג,33,0568482606,0568482606@super.student.com
483,זהבי הכרם,10,0576849455,0576849455@super.student.com
484,זוגלובק,10,0568796206,0568796206@super.student.com
485,זוהר דליה,10,0506482822,0506482822@super.student.com
486,זיתא,10,0588007780,0588007780@super.student.com
487,זיתא תעשיות שמן זיתt\,10,0513802421,0513802421@super.student.com
488,זיתור סאן גידה סני וטיקר,14,0519175980,0519175980@super.student.com
489,זלצבורג שוקולד,16,0505121834,0505121834@super.student.com
490,זנטי,8,0515731043,0515731043@super.student.com
491,"זנלכל בע""\מ",10,0508793315,0508793315@super.student.com
492,חבל מעון,10,0507493608,0507493608@super.student.com
493,חברת מלח הארץ אילת בעמ,52,0539238728,0539238728@super.student.com
494,חוגלה קימברלי,43,0529093361,0529093361@super.student.com
495,חוות גבעות עולם,10,0548625316,0548625316@super.student.com
496,חוות פטריות תקוע,33,0561040755,0561040755@super.student.com
497,חוות שמפניון,10,0585146513,0585146513@super.student.com
498,חוות תקוע,10,0557416954,0557416954@super.student.com
499,חומקס קומר קומרסאליזדורה,61,0564603513,0564603513@super.student.com
500,חטיפים מן הטבע,10,0572714179,0572714179@super.student.com
501,"חטיפים מן הטבע בע""\מ",10,0521137780,0521137780@super.student.com
502,חיים פסקוביץ,10,0516190222,0516190222@super.student.com
503,חמים וטעים,10,0548374197,0548374197@super.student.com
504,חמסי,10,0554397758,0554397758@super.student.com
505,חצר כנרת מוצרי תמר,10,0518189628,0518189628@super.student.com
506,טאומי אינטרפרייד,22,0538023113,0538023113@super.student.com
507,טאי רזידנט,22,0556732501,0556732501@super.student.com
508,טאפאדונגפורן קוקנט,33,0531709503,0531709503@super.student.com
509,טבע דלי,10,0517888053,0517888053@super.student.com
510,טבעול,10,0528487484,0528487484@super.student.com
511,"טבעול צ'\כיה בע""\מ",27,0549269722,0549269722@super.student.com
512,"טבעול תעשיות מזון בע""\מ",10,0519737372,0519737372@super.student.com
513,טבעוף,10,0532582581,0532582581@super.student.com
514,טוטיז,21,0556432700,0556432700@super.student.com
515,טוטיז-בינגו סיאי,21,0518978075,0518978075@super.student.com
516,טומי,1,0504689140,0504689140@super.student.com
517,טופגאם תעשיות ממתקים בעמ,10,0508290993,0508290993@super.student.com
518,"טחינה ירושליים בע""מ",10,0507326609,0507326609@super.student.com
519,"טחינה ירושלים בע""מ",10,0531586639,0531586639@super.student.com
520,טחנות ישראליות בעמ,10,0509206667,0509206667@super.student.com
521,טחנות קמח שטיבל באר שבע,10,0547646921,0547646921@super.student.com
522,טחנת קמח דגן לישראל,10,0518431503,0518431503@super.student.com
523,טיב טירת צבי 2000,10,0541376269,0541376269@super.student.com
524,טיבון ויל,10,0564265595,0564265595@super.student.com
525,טיבון ויל - נטו,10,0565659898,0565659898@super.student.com
526,"טיבון ויל אחזקות בע""\מ",10,0536147714,0536147714@super.student.com
527,טיבון ויל אחזקות בעמ,10,0552867487,0552867487@super.student.com
528,טיקנה,2,0528152837,0528152837@super.student.com
529,טירת צבי,10,0513096526,0513096526@super.student.com
530,טמפו,10,0573458464,0573458464@super.student.com
531,"טמפו משקאות בע""\מ",10,0581842085,0581842085@super.student.com
532,"טמפו משקאות בע""מ",10,0543873449,0543873449@super.student.com
533,טמפו משקאות בע''מ,10,0503016770,0503016770@super.student.com
534,טמפו משקאות בעמ,10,0504457593,0504457593@super.student.com
535,"טעמי הגליל בע""\מ",10,0573543354,0573543354@super.student.com
536,טרה,10,0569205399,0569205399@super.student.com
537,טרופיקל,10,0528012396,0528012396@super.student.com
538,טרופיקל דגיל,10,0586386945,0586386945@super.student.com
539,טרופיקל דגיל בעמ,10,0504240399,0504240399@super.student.com
540,טרופיקל דגיל תעשיות קוסמ,10,0565085083,0565085083@super.student.com
541,טרנסומס פוד,50,0514452997,0514452997@super.student.com
542,"י. כהן בע""\מ",10,0542841200,0542841200@super.student.com
543,"י.את.א.ברמן בע""\מ",10,0554905842,0554905842@super.student.com
544,י.ב טכנולוגיות אריזה בעמ,10,0534640207,0534640207@super.student.com
545,"י.כהן בע""מ",10,0588011354,0588011354@super.student.com
546,י.ש. חמד תעשיות,10,0582453880,0582453880@super.student.com
547,יאמאסה,34,0501521544,0501521544@super.student.com
548,יאן ואל יון,22,0586824412,0586824412@super.student.com
549,יאן וואל יון קו.לטד,22,0537969944,0537969944@super.student.com
550,יבוא ושיווק: הנמל אריזות,33,0579009239,0579009239@super.student.com
551,יגור חקלאות ועסקים,10,0589446056,0589446056@super.student.com
552,יד מרדכי,20,0588391912,0588391912@super.student.com
553,"יוליוס סימון ,52 חיפה.",10,0522431841,0522431841@super.student.com
554,יוניאון,38,0576677773,0576677773@super.student.com
555,יונייטד ביסקוויטס,5,0565991125,0565991125@super.student.com
556,יונייטד פודס,24,0568731416,0568731416@super.student.com
557,יונילבר צרפת,6,0513976793,0513976793@super.student.com
558,יוניליוור,28,0505976333,0505976333@super.student.com
559,יוניליוור  אנגליה,10,0535759201,0535759201@super.student.com
560,יוניליוור אנגליה,5,0521637824,0521637824@super.student.com
561,"יוניליוור אנגליה, דרך קו",5,0536285858,0536285858@super.student.com
562,"יוניליוור ארהב, רייפורד,",18,0575690899,0575690899@super.student.com
563,יוניליוור גרמניה,2,0506554369,0506554369@super.student.com
564,יוניליוור גרמניה Gmbh &,2,0581314927,0581314927@super.student.com
565,יוניליוור ישראל טיפוח אי,10,0521994302,0521994302@super.student.com
566,יוניליוור ישראל מזון בע\,10,0578057400,0578057400@super.student.com
567,יוניליוור ישראל מזון בעמ,10,0549141897,0549141897@super.student.com
568,יוניליוור סנאיי וי טיקאר,14,0512179438,0512179438@super.student.com
569,יוניליוור פולין,9,0514132262,0514132262@super.student.com
570,"יוניליוור שפע ישראל בע""\",10,0524898038,0524898038@super.student.com
571,יוניליוור שפע ישראל בעמ,10,0521872369,0521872369@super.student.com
572,יוניליוור שפע ישראל בעמ.,10,0559492681,0559492681@super.student.com
573,יוניליור ישראל טיפוח איש,10,0561509620,0561509620@super.student.com
574,"יוניליור שפע ישראל בע""\מ",10,0586248657,0586248657@super.student.com
575,יוניקורד בעמ,22,0506137907,0506137907@super.student.com
576,יוניקורד ח.צ בעמ,22,0556382324,0556382324@super.student.com
577,יוניקורן פיקלס,24,0503023011,0503023011@super.student.com
578,יונליוור ארהב,18,0518996303,0518996303@super.student.com
579,"יונליוור ישראל מזון בע""\",10,0508722659,0508722659@super.student.com
580,"יונליוור שפע ישראל בע""\מ",10,0583763793,0583763793@super.student.com
581,יחיעם,10,0552008147,0552008147@super.student.com
582,יטבתה,10,0564280661,0564280661@super.student.com
583,"ייאן וואל יון בע""\מ",22,0559259237,0559259237@super.student.com
584,יסכה,10,0572399571,0572399571@super.student.com
585,יפאורה שותפות מובגלת לשי,10,0537258723,0537258723@super.student.com
586,יפאורה תבורי,10,0518319608,0518319608@super.student.com
587,"יפאורה תבורי בע""\מ",10,0542744049,0542744049@super.student.com
588,יפאורה תבורי בעמ,10,0534260465,0534260465@super.student.com
589,"יקב דלתון בע""\מ",10,0552252410,0552252410@super.student.com
590,יקב הגליל יוסף גולד ובני,10,0564451604,0564451604@super.student.com
591,יקב הרי גליל,10,0551308797,0551308797@super.student.com
592,"יקב טפרברג 1870 בע""מ",10,0522802713,0522802713@super.student.com
593,יקב רמת הגולן,10,0515472381,0515472381@super.student.com
594,יקבי ברקן,10,0576750832,0576750832@super.student.com
595,"יקבי ברקן בע""\מ",10,0567014386,0567014386@super.student.com
596,יקבי ברקן שיווק והפצה בע,10,0519515847,0519515847@super.student.com
597,יקבי ירושלים,10,0519671625,0519671625@super.student.com
598,יקבי כרמל,10,0538118255,0538118255@super.student.com
599,יקבי רמת הגולן קצרין,10,0584202229,0584202229@super.student.com
600,יקנעם,10,0586778058,0586778058@super.student.com
601,יראון עבודות חקלאיות,10,0539963058,0539963058@super.student.com
602,ירוג,4,0572295577,0572295577@super.student.com
603,כושר דיירי,5,0527948442,0527948442@super.student.com
604,כללי,46,0514360214,0514360214@super.student.com
605,כפרי בריא משק ויילר,10,0542308104,0542308104@super.student.com
606,"כרמי צבי - אחים סגל בע""\",10,0534612061,0534612061@super.student.com
607,כרמית,10,0583856226,0583856226@super.student.com
608,"כרמית מזון בע""\מ",10,0574759755,0574759755@super.student.com
609,"כרמית תעשיות ממתקים בע""\",10,0541729316,0541729316@super.student.com
610,כרמית תעשיות ממתקים בעמ,10,0508019219,0508019219@super.student.com
611,כרמלים שדות חדשים,10,0571801322,0571801322@super.student.com
612,לאוג'י לוואצה אס.פי.אי,3,0577052156,0577052156@super.student.com
613,"לאטזימאס ס.א, פנורמוס, 7",21,0589779073,0589779073@super.student.com
614,לאטי עזרא,10,0575332980,0575332980@super.student.com
615,לה דוריה,3,0564314983,0564314983@super.student.com
616,לואקר,16,0546987858,0546987858@super.student.com
617,לוטה נסטלה קוריאה,41,0553934455,0553934455@super.student.com
618,לוטוס ביקרי,8,0552863929,0552863929@super.student.com
619,לוריאל ישראל קוסמטיקס בע,14,0511004573,0511004573@super.student.com
620,לחוביץ,46,0552311528,0552311528@super.student.com
621,ליברמו,8,0577877887,0577877887@super.student.com
622,לילית בישום,18,0522876097,0522876097@super.student.com
623,לינדט ושפרונגלי,6,0511744873,0511744873@super.student.com
624,לינדט ושפרונגלי קילשברג,2,0587267729,0587267729@super.student.com
625,ליקואטס וגטאלס,19,0545382994,0545382994@super.student.com
626,למפדוס,10,0589867333,0589867333@super.student.com
627,לנגוט טראבן,2,0524032386,0524032386@super.student.com
628,לנדוור,10,0585809347,0585809347@super.student.com
629,לרטייר,46,0582086126,0582086126@super.student.com
630,מ.לסר,10,0565352277,0565352277@super.student.com
631,מאאס הוני איי אנ טי,10,0501918144,0501918144@super.student.com
632,מאיר בייגל,10,0516274244,0516274244@super.student.com
633,מאיר עזרא ובניו,17,0532947348,0532947348@super.student.com
634,מאמא מרי,10,0588531415,0588531415@super.student.com
635,מאמא עוף,10,0549570762,0549570762@super.student.com
636,מאנפאקטור,14,0526061750,0526061750@super.student.com
637,"מאסטרפוד אוסטריה בע""מ",5,0582036392,0582036392@super.student.com
638,מאפ גדרון,10,0562135701,0562135701@super.student.com
639,מאפ. דגנית עין-בר,10,0544250798,0544250798@super.student.com
640,מאפיית אורן משי,10,0517543857,0517543857@super.student.com
641,"מאפיית אורן משי בע""\מ",10,0516076103,0516076103@super.student.com
642,מאפיית אנג'\ל אורנים מאפ,10,0532551246,0532551246@super.student.com
643,"מאפיית אנג'\ל בעמ, מקבוצ",10,0562788761,0562788761@super.student.com
644,מאפיית יוסף ושמחה עבאדי,10,0563025243,0563025243@super.student.com
645,מאפיית שלמה א. אנג'\ל בע,10,0575380786,0575380786@super.student.com
646,מאפיית שלמה א. אנג'ל,10,0583007756,0583007756@super.student.com
647,מאפיית שלמה א.אנג'\ל בע\,10,0528720298,0528720298@super.student.com
648,מאפית ברמן,10,0533615856,0533615856@super.student.com
649,מאפית ודש,10,0538218595,0538218595@super.student.com
650,מבשלות בירה בינלאומיות ב,10,0506610614,0506610614@super.student.com
651,מבשלות בירה ישראל,10,0506634310,0506634310@super.student.com
652,"מבשלות בירה לישראל בע""\מ",10,0573556372,0573556372@super.student.com
653,"מבשלות בירה לישראל בע""מ",10,0587862278,0587862278@super.student.com
654,מבשלת בקס,2,0509375936,0509375936@super.student.com
655,"מבשלת היינקן, ריטבלדנברג",4,0548382293,0548382293@super.student.com
656,מבשלת מיתוס ס.א,21,0542880141,0542880141@super.student.com
657,מבשלת פאולנר,2,0536282055,0536282055@super.student.com
658,מבשלת קסטל ואן הונסברוק,8,0553437779,0553437779@super.student.com
659,מגדנית הדר,10,0548779308,0548779308@super.student.com
660,מהדרין תנופורט,10,0569866858,0569866858@super.student.com
661,מוטולה,10,0579456541,0579456541@super.student.com
662,מוטי,3,0539872559,0539872559@super.student.com
663,מולר,10,0573469756,0573469756@super.student.com
664,מונדלז אירלנד לימיטד,7,0574072341,0574072341@super.student.com
665,מונדלז יו.קיי. קונפקטיונ,5,0511146676,0511146676@super.student.com
666,מונדלייז,27,0543135776,0543135776@super.student.com
667,"מופק ממקור בזלתי עדן ,1",10,0574259676,0574259676@super.student.com
668,מוצרי איכות אמריקאיים,20,0537711859,0537711859@super.student.com
669,מוצרי איכות אמריקאיים בע,10,0559188247,0559188247@super.student.com
670,"מוצרי עוף טוב (2001) בע""",10,0556169961,0556169961@super.student.com
671,מוצרי עוף טוב (2001) בע\,10,0587535048,0587535048@super.student.com
672,מוצרי שום ותיבול דורות,10,0586636263,0586636263@super.student.com
673,מור בריאות,10,0524273569,0524273569@super.student.com
674,מור פירות השרון,10,0503471457,0503471457@super.student.com
675,מושב לכיש,10,0519495570,0519495570@super.student.com
676,מזקקת קוימאנס טילבורג,4,0525172718,0525172718@super.student.com
677,"מחלבות בר בכפר בע""\מ",10,0543821522,0543821522@super.student.com
678,מחלבות גד,10,0588054462,0588054462@super.student.com
679,"מחלבות גד בע""\מ",10,0501641094,0501641094@super.student.com
680,מחלבות רמת הגולן,10,0503690633,0503690633@super.student.com
681,מחלבת אלון תבור,10,0511352193,0511352193@super.student.com
682,מחלבת המושבה,10,0551475968,0551475968@super.student.com
683,מחלבת הרדוף,10,0536873665,0536873665@super.student.com
684,מחלבת השומרון,10,0519315937,0519315937@super.student.com
685,מחלבת יטבתה,10,0507139815,0507139815@super.student.com
686,מחלבת מושבה,10,0516813070,0516813070@super.student.com
687,מחלבת סוסיא,10,0572189989,0572189989@super.student.com
688,מחלבת רמת-הגולן,10,0517292173,0517292173@super.student.com
689,מטעמי פאר,10,0571841396,0571841396@super.student.com
690,מטרנה תעשיות ש.מ,10,0585356980,0585356980@super.student.com
691,מטרנה תעשיות ש.מ.,10,0554210058,0554210058@super.student.com
692,מי עדן,10,0504778292,0504778292@super.student.com
693,מידי,3,0577897030,0577897030@super.student.com
694,מיה,10,0538038955,0538038955@super.student.com
695,מיה תעשיות מזון,10,0559666882,0559666882@super.student.com
696,מיה תעשיות מזון מ.ת.מ. ב,10,0573320168,0573320168@super.student.com
697,מיוצר וממולא על ידי יקב,10,0573081261,0573081261@super.student.com
698,"מיוצר ע""\י גלידת שטראוס",10,0561662447,0561662447@super.student.com
699,"מיוצר ע""\י יוניליוור ישר",10,0503855153,0503855153@super.student.com
700,"מיוצר ע""\י קוד יצרן EDNK",10,0524285898,0524285898@super.student.com
701,מיוצר על ידי יקב תבור,10,0501735698,0501735698@super.student.com
702,מיטב,10,0523405174,0523405174@super.student.com
703,מיישקו,9,0534077031,0534077031@super.student.com
704,מילועוף,10,0531817027,0531817027@super.student.com
705,מילקו תעשיות בעמ,10,0516830236,0516830236@super.student.com
706,מינג לין פוד לטד,17,0565421250,0565421250@super.student.com
707,מכוורת יד מרדכי שטראוס ב,10,0535531630,0535531630@super.student.com
708,מלח הארץ אילת,10,0522309732,0522309732@super.student.com
709,מלח הארץ בעמ,10,0563100242,0563100242@super.student.com
710,ממתקי עלה בעמ,10,0582117011,0582117011@super.student.com
711,מנה,10,0563321044,0563321044@super.student.com
712,מנטוס,4,0518046747,0518046747@super.student.com
713,מנסווי גידה,14,0555998802,0555998802@super.student.com
714,מנעמים,10,0505556531,0505556531@super.student.com
715,"מנעמים תעשיות מזון בע""\מ",10,0536584876,0536584876@super.student.com
716,"מעדנות בע""\מ",10,0573103872,0573103872@super.student.com
717,מעדנות בעמ,10,0568709682,0568709682@super.student.com
718,מעדני הטלה,10,0512549116,0512549116@super.student.com
719,מעדני הטלה והעגל,10,0536046077,0536046077@super.student.com
720,מעדני יחיעם,10,0551933428,0551933428@super.student.com
721,מעיין תעשיות מאפה,10,0579320440,0579320440@super.student.com
722,מפעלי ברונוס בעמ,10,0506687515,0506687515@super.student.com
723,מפעלי דגן,10,0587178835,0587178835@super.student.com
724,"מפעלי יופ""י אגש""ח",10,0564210241,0564210241@super.student.com
725,מצות אביב 2014 מאפה בעמ,10,0566385063,0566385063@super.student.com
726,מצות יהודה,10,0572424032,0572424032@super.student.com
727,מרבה,26,0536591053,0536591053@super.student.com
728,מרטיני ורוסי,3,0574413727,0574413727@super.student.com
729,מרינה,10,0536541349,0536541349@super.student.com
730,מרכז השקד,10,0503562084,0503562084@super.student.com
731,מרס,18,0538807465,0538807465@super.student.com
732,מרס הולנד בי.וי.,4,0529283088,0529283088@super.student.com
733,מרסה,14,0567111487,0567111487@super.student.com
734,"משווק ע""י קימברלי קלארק",57,0526570463,0526570463@super.student.com
735,משווק על ידי HQP,33,0506835424,0506835424@super.student.com
736,"משק אסף פרחי בע""מ",10,0587738894,0587738894@super.student.com
737,משק גל,10,0584520177,0584520177@super.student.com
738,"משק ווילר בע""\מ",10,0517233319,0517233319@super.student.com
739,משק יעקבס,10,0586751474,0586751474@super.student.com
740,משק צוריאל,10,0539178147,0539178147@super.student.com
741,משק צוריאל תבור,10,0545621536,0545621536@super.student.com
742,מתבל תעשיות מזון,10,0526205870,0526205870@super.student.com
743,מתוק וקל,10,0514317714,0514317714@super.student.com
744,נאטקו,3,0518183749,0518183749@super.student.com
745,נאטרא,8,0548631800,0548631800@super.student.com
746,נאטרא מאלה,8,0589350473,0589350473@super.student.com
747,נארה קוקולנד,53,0589972785,0589972785@super.student.com
748,נביעות טבע,10,0516328676,0516328676@super.student.com
749,"נביעות טבע הגליל בע""\מ",10,0553489783,0553489783@super.student.com
750,"נביעות טבע הגליל בע""מ",10,0549347792,0549347792@super.student.com
751,נביעות טבע הגליל בעמ,10,0582200021,0582200021@super.student.com
752,נוהלס ג'\י אס סי.,23,0562670267,0562670267@super.student.com
753,נוהלס ג'י אס סי,23,0563934901,0563934901@super.student.com
754,נוטרישיה קאלק,4,0525730718,0525730718@super.student.com
755,נטו,49,0561469536,0561469536@super.student.com
756,"נטורלה גטרנק בע""\מn\",23,0503344726,0503344726@super.student.com
757,ניולט פוד ס.פ.א,3,0505323982,0505323982@super.student.com
758,ניצן,18,0528053133,0528053133@super.student.com
759,ניקול,10,0516093688,0516093688@super.student.com
760,נסטלה,23,0527301879,0527301879@super.student.com
761,נסטלה אנגליה,5,0552892528,0552892528@super.student.com
762,נסטלה ווטרס ספלאי,6,0507241117,0507241117@super.student.com
763,נסטלה נספרסו,1,0523548475,0523548475@super.student.com
764,נסטלה פולסקה אס.איי,9,0552250984,0552250984@super.student.com
765,"נסטלה פורטוגל, יוניפסואל",26,0581832428,0581832428@super.student.com
766,נסטלה פורינה,18,0565557275,0565557275@super.student.com
767,נקה,10,0528096390,0528096390@super.student.com
768,נרסיסו רדריגז,10,0514815931,0514815931@super.student.com
769,סאאדת,22,0559635188,0559635188@super.student.com
770,סאדאט,14,0574725199,0574725199@super.student.com
771,סאדאט גידא,14,0543062089,0543062089@super.student.com
772,סאטקו,23,0556652915,0556652915@super.student.com
773,סאן דלפור - שמבור,6,0518846595,0518846595@super.student.com
774,סאן מישל,6,0589209082,0589209082@super.student.com
775,סאן מישל צ'\אמפאגנאק,6,0575353210,0575353210@super.student.com
776,סאסא טק,10,0579829266,0579829266@super.student.com
777,סאסאטק,10,0523577171,0523577171@super.student.com
778,"סאסאטק אגש""ח בע""מ",10,0566502869,0566502869@super.student.com
779,סגל דברים טובים,9,0581359966,0581359966@super.student.com
780,סהרון,10,0523313553,0523313553@super.student.com
781,סובנה,19,0545717809,0545717809@super.student.com
782,סוגת,10,0526816408,0526816408@super.student.com
783,"סוגת תעשיות בע""\מ",10,0546051484,0546051484@super.student.com
784,"סוגת תעשיות בע""מ",10,0528630529,0528630529@super.student.com
785,סוי מג'יק,10,0521516699,0521516699@super.student.com
786,סוילה אס.אר.אל,3,0525142523,0525142523@super.student.com
787,סופרוקוס,6,0523057649,0523057649@super.student.com
788,סטארקיסט,10,0512812639,0512812639@super.student.com
789,סי פרווידר,3,0547921297,0547921297@super.student.com
790,סי. פי. אנגליה,5,0538190898,0538190898@super.student.com
791,סי. פי. פולין,9,0563335399,0563335399@super.student.com
792,סי. פי. צרפת,6,0507654503,0507654503@super.student.com
793,סי.פי אנגליה,5,0537416977,0537416977@super.student.com
794,סי.פי פולין,9,0539032046,0539032046@super.student.com
795,סיא אונדה,31,0525856079,0525856079@super.student.com
796,סידג,1,0582977097,0582977097@super.student.com
797,סימפלי 7,18,0513860144,0513860144@super.student.com
798,סין,33,0501548863,0501548863@super.student.com
799,סלטי ברדה,10,0523687113,0523687113@super.student.com
800,סלטי צבר,10,0552115383,0552115383@super.student.com
801,סלטי שמיר,10,0577008270,0577008270@super.student.com
802,סלים דליס,19,0586118684,0586118684@super.student.com
803,סן פלגרינו,3,0508180573,0508180573@super.student.com
804,סן-פלגרינו,3,0561362738,0561362738@super.student.com
805,"סנאט גרופ, טורקיה",14,0516266879,0516266879@super.student.com
806,סנדוויצ'ולוגיה,10,0547806054,0547806054@super.student.com
807,סנו,33,0521913125,0521913125@super.student.com
808,"סנו מפעלו ברונוס בע""\מ",10,0562094899,0562094899@super.student.com
809,סנו מפעלי ברונו בעמ,18,0544584960,0544584960@super.student.com
810,"סנו מפעלי ברונוס בע""\מ",10,0535260150,0535260150@super.student.com
811,"סנו מפעלי ברונוס בע""מ",10,0534678213,0534678213@super.student.com
812,סנו מפעלי ברונוס בעמ,10,0585544704,0585544704@super.student.com
813,סנו מפעלי ברונוס בעמn,10,0569245464,0569245464@super.student.com
814,"סנו, ח.צ 520032988",10,0548761488,0548761488@super.student.com
815,סניידרס,18,0562259111,0562259111@super.student.com
816,סניידרס לאנס,18,0549069718,0549069718@super.student.com
817,"סנפרוסט בע""\מ",10,0507992650,0507992650@super.student.com
818,סנפרוסט בעמ,10,0557232899,0557232899@super.student.com
819,סנקי,53,0552491228,0552491228@super.student.com
820,סנשיין מילס,18,0579237252,0579237252@super.student.com
821,ספטונה,21,0589086735,0589086735@super.student.com
822,ספידי תעשיות,10,0568512716,0568512716@super.student.com
823,ספץ תעשיות,60,0507960990,0507960990@super.student.com
824,סר קאשנדל בי.וי,4,0562644383,0562644383@super.student.com
825,סרבסריה מודלו,61,0575594368,0575594368@super.student.com
826,סרג'יאטו,3,0511493557,0511493557@super.student.com
827,"סרלטו סינטרה מזון בע""\מ",26,0585028269,0585028269@super.student.com
828,"סרלטו סינטרה מזון בע""מ",26,0541095112,0541095112@super.student.com
829,עדן,10,0552552717,0552552717@super.student.com
830,עדן קינוחים,10,0582645628,0582645628@super.student.com
831,עדנים,10,0509292485,0509292485@super.student.com
832,עוף הגליל,10,0528746568,0528746568@super.student.com
833,עוף טוב,10,0521552443,0521552443@super.student.com
834,עוף עוז,10,0524777300,0524777300@super.student.com
835,עטרה,10,0514796715,0514796715@super.student.com
836,עידו נחום,10,0563141901,0563141901@super.student.com
837,עין גדי מיים מינרלים,10,0507525685,0507525685@super.student.com
838,עינת,10,0536710921,0536710921@super.student.com
839,עינת תעשיות,10,0505776346,0505776346@super.student.com
840,עלבד,10,0534352293,0534352293@super.student.com
841,עלבד משואות יצחק,10,0563706452,0563706452@super.student.com
842,עלית,42,0544251968,0544251968@super.student.com
843,ענבי ציון,10,0542429321,0542429321@super.student.com
844,עסיס תעשיות מזון,10,0547889405,0547889405@super.student.com
845,ערדום תמרים,10,0542034801,0542034801@super.student.com
846,פאקא,37,0513656589,0513656589@super.student.com
847,"פאקא תעשיות בע""\מ",10,0506161985,0506161985@super.student.com
848,פארמה דיל,10,0553168421,0553168421@super.student.com
849,פוג'אן טונגפה,33,0534742134,0534742134@super.student.com
850,פוג'יאן לונגהי,33,0577584766,0577584766@super.student.com
851,פוג'יקום,33,0522431358,0522431358@super.student.com
852,"פודליצקי ספ.ז.או.או,",9,0584932919,0584932919@super.student.com
853,פודס,32,0528843245,0528843245@super.student.com
854,"פול הון ,(#POL-hUN) קולו",9,0556625395,0556625395@super.student.com
855,"פוליבה בע""\מ",10,0511293313,0511293313@super.student.com
856,פונט סאלם וולנסיה,19,0559944389,0559944389@super.student.com
857,פוסט,18,0516303592,0516303592@super.student.com
858,פוסידון תעשיות,10,0553268746,0553268746@super.student.com
859,פופז,18,0545373864,0545373864@super.student.com
860,פורסלבה,19,0509684697,0509684697@super.student.com
861,פושן קלינינג,33,0559644480,0559644480@super.student.com
862,פי אר ג'\יי אס אי מנדלז,29,0506082849,0506082849@super.student.com
863,פי.פי.איג' ארטלקס,9,0551773812,0551773812@super.student.com
864,פיאו,10,0565956802,0565956802@super.student.com
865,פיבי ספא,14,0547214929,0547214929@super.student.com
866,פיין ונטג,33,0502472440,0502472440@super.student.com
867,פיירוואטר,10,0569042000,0569042000@super.student.com
868,פיליפ מוריס,18,0535546052,0535546052@super.student.com
869,פינקה לה סליה,46,0515996997,0515996997@super.student.com
870,פיצוחי הטיב,10,0511028486,0511028486@super.student.com
871,פיצוחי ציון,10,0551568265,0551568265@super.student.com
872,פירות עולם,13,0542540670,0542540670@super.student.com
873,פישר מעבדות פרמצבטיות,10,0537158358,0537158358@super.student.com
874,פישר מעבדות פרמצבטיות בע,10,0505142777,0505142777@super.student.com
875,פלטינום ברזילאי 200 גרם:,10,0586287545,0586287545@super.student.com
876,פלסטו פוליש,33,0581178375,0581178375@super.student.com
877,פלקו,10,0521801228,0521801228@super.student.com
878,פלקו בעמ,10,0565617963,0565617963@super.student.com
879,פניסקו,46,0529530247,0529530247@super.student.com
880,פניקסקור,46,0574513038,0574513038@super.student.com
881,פסטה זארה,40,0538975500,0538975500@super.student.com
882,פסטה לנסי,3,0513917176,0513917176@super.student.com
883,פסטה נונה,10,0502646838,0502646838@super.student.com
884,פראנו אריקו ופיגלי ס.פ.א,3,0576035343,0576035343@super.student.com
885,פרוזן פקטורי,10,0529849980,0529849980@super.student.com
886,פרוטאגל,3,0586831544,0586831544@super.student.com
887,פרוטה פודיווין,27,0545149523,0545149523@super.student.com
888,פרוני,3,0579357053,0579357053@super.student.com
889,פרונרי פולין,9,0505438310,0505438310@super.student.com
890,פרוסלבה,19,0521114414,0521114414@super.student.com
891,פרופר,10,0518229089,0518229089@super.student.com
892,פרוצ'אמפ,33,0542322967,0542322967@super.student.com
893,פרוקטור אנד גמבל,6,0516074576,0516074576@super.student.com
894,פרוקטר & גמבל,30,0514510243,0514510243@super.student.com
895,פרוקטר אנד גמבל,63,0524023446,0524023446@super.student.com
896,פרוקטר אנד גמבל )ראה קוד,29,0568853290,0568853290@super.student.com
897,פרח,10,0506001497,0506001497@super.student.com
898,פרח תעשיות מזון,10,0567348836,0567348836@super.student.com
899,"פרח תעשיות מזון בע""\מ",10,0544614419,0544614419@super.student.com
900,"פרח תעשיות מזון בע""מ.",10,0543534439,0543534439@super.student.com
901,פרחי ליידי דיאן,10,0587624571,0587624571@super.student.com
902,פרי גליל,25,0585056913,0585056913@super.student.com
903,פרי הגליל בעמ,10,0549460220,0549460220@super.student.com
904,פרי ניר,10,0528231968,0528231968@super.student.com
905,פריגת,10,0508265414,0508265414@super.student.com
906,פריז'אמפולס פייאנה,32,0581955155,0581955155@super.student.com
907,פריטו ליי טורקיה,14,0577759224,0577759224@super.student.com
908,פריי )שוקולד(,1,0523828875,0523828875@super.student.com
909,פרימור,10,0552915615,0552915615@super.student.com
910,פרינגלס מנופקצ'ורינג קונ,18,0512936821,0512936821@super.student.com
911,פרינגלס מניופקצ'\ורינג ק,18,0552559066,0552559066@super.student.com
912,פרינוק,27,0514190870,0514190870@super.student.com
913,פריניב,10,0522594936,0522594936@super.student.com
914,פריניר,10,0512585974,0512585974@super.student.com
915,פרסטון פארמס,18,0547779076,0547779076@super.student.com
916,פרסקו,10,0537528693,0537528693@super.student.com
917,"פרסקו חצבה 2006 בע""\מ",10,0531033482,0531033482@super.student.com
918,פרפטי ואן מלה,14,0565877929,0565877929@super.student.com
919,פרפטי ואן מלה ברדה,4,0553379318,0553379318@super.student.com
920,"פרפטי ואן מלה ג'ידה,סאן",14,0552305686,0552305686@super.student.com
921,פררו,13,0584394187,0584394187@super.student.com
922,פררו - אלבה,9,0588738389,0588738389@super.student.com
923,פררו אס.פי.אי,3,0529481713,0529481713@super.student.com
924,צבר,10,0572507044,0572507044@super.student.com
925,צוקולאט פריי אייץגיץ,1,0537298432,0537298432@super.student.com
926,צי תעשיות מזון יבנה,10,0518106826,0518106826@super.student.com
927,ק.א. ומשווק בבלעדיות על,10,0537343815,0537343815@super.student.com
928,קאוור,10,0523571048,0523571048@super.student.com
929,קאויקיולי,3,0551755579,0551755579@super.student.com
930,קאונו גרודאי,32,0551216585,0551216585@super.student.com
931,קבוצת יבנה,10,0517314914,0517314914@super.student.com
932,קבוצת יבנה מוצרי מזון,10,0502034107,0502034107@super.student.com
933,קואופורטיב איסיני סנט מר,6,0538813817,0538813817@super.student.com
934,קואקר אוטס,5,0505155560,0505155560@super.student.com
935,קוד יצרן DSH,10,0529631298,0529631298@super.student.com
936,קוד יצרן JG,10,0581594630,0581594630@super.student.com
937,קוואקר אוטס קומפני,18,0536616300,0536616300@super.student.com
938,קוזט אס.אי. פיין פודס,21,0503358035,0503358035@super.student.com
939,קוטקס,33,0524255974,0524255974@super.student.com
940,קולגייט פלמוליב,33,0515641198,0515641198@super.student.com
941,קולגייט- פלמוליב,47,0515879002,0515879002@super.student.com
942,קולגייט-פלמוליב,33,0506930269,0506930269@super.student.com
943,קומסטיבלס לה רוזה אס.איי,62,0516764093,0516764093@super.student.com
944,קומפלקס כימיקלים,10,0573145357,0573145357@super.student.com
945,קומפלקס כימיקלים בעמ,10,0567884943,0567884943@super.student.com
946,קונגרה,18,0564505718,0564505718@super.student.com
947,קונדיטוריה אס.פי.אי,3,0565644161,0565644161@super.student.com
948,קונדיטוריית אנג'ל,10,0533687610,0533687610@super.student.com
949,קונסברס פורטוגל נורטה לי,26,0531267139,0531267139@super.student.com
950,קונסרבאס סילביה,6,0588887166,0588887166@super.student.com
951,קוסמופארם,10,0534451903,0534451903@super.student.com
952,"קוסמופארם בע""\מ",10,0564601672,0564601672@super.student.com
953,קוסמופארם בע'\'\מ,10,0572364650,0572364650@super.student.com
954,קוסמופארם בעמ,10,0513513306,0513513306@super.student.com
955,קוסמופול,9,0589470978,0589470978@super.student.com
956,קוסמטיקס,14,0574328831,0574328831@super.student.com
957,קוסמפול,9,0526008986,0526008986@super.student.com
958,קוסקוס מזון,10,0573211274,0573211274@super.student.com
959,קופדקס,37,0576933338,0576933338@super.student.com
960,קופיסה אס.איי,26,0553831965,0553831965@super.student.com
961,קוקה קולה,10,0551407292,0551407292@super.student.com
962,קוראטקס,2,0531250878,0531250878@super.student.com
963,קורניש,10,0572101051,0572101051@super.student.com
964,קטיף.,39,0501662075,0501662075@super.student.com
965,קיובורי,22,0503669974,0503669974@super.student.com
966,קילט ניהול פרוייקטים,22,0519770830,0519770830@super.student.com
967,קימברלי קלארק,42,0538616010,0538616010@super.student.com
968,קימס,8,0513766724,0513766724@super.student.com
969,"קיפל טבליות וממתיקים בע""",10,0503023677,0503023677@super.student.com
970,קלוג'ס,19,0505549354,0505549354@super.student.com
971,קלוגס מניופקטורינג אספנה,19,0536224639,0536224639@super.student.com
972,קלוגס קומפני אוף גרייט ב,5,0555323964,0555323964@super.student.com
973,קלינטסט,18,0549133568,0549133568@super.student.com
974,קליר כימיקלים,10,0518622122,0518622122@super.student.com
975,קלמן אינדיה פי וי סי,24,0589618213,0589618213@super.student.com
976,קמפיאס,3,0506146955,0506146955@super.student.com
977,קסוס דה סאלבדור,19,0553228244,0553228244@super.student.com
978,קסליני,3,0546014041,0546014041@super.student.com
979,קסמיאן קסינגשנג פודסטטפס,33,0534212585,0534212585@super.student.com
980,קפה אל נח'לה,10,0557912754,0557912754@super.student.com
981,"קפה לנדוור בע""\מ",10,0514429071,0514429071@super.student.com
982,קרליין,10,0543937566,0543937566@super.student.com
983,קרלסברג ישראל,7,0517952117,0517952117@super.student.com
984,"קרלסרו, גרמניה",2,0537652134,0537652134@super.student.com
985,ר.ס-.חברה ליבוא וייצור מ,10,0541821508,0541821508@super.student.com
986,ראוך פרוכטסאפטה,15,0501739445,0501739445@super.student.com
987,רבר,2,0517655891,0517655891@super.student.com
988,רד בול,16,0503806940,0503806940@super.student.com
989,רד בול ג'\י.אם.בי. אץ'\,16,0523428838,0523428838@super.student.com
990,רומו,3,0553885475,0553885475@super.student.com
991,רוני רג'ואן ושות,10,0566964486,0566964486@super.student.com
992,רוקחמן,10,0517355967,0517355967@super.student.com
993,"רושדי תעשיות מזון בע""\מ",10,0515083011,0515083011@super.student.com
994,ריגלי,28,0583373517,0583373517@super.student.com
995,ריגלי ממתקים,27,0549349737,0549349737@super.student.com
996,ריגלי פולין,9,0503283346,0503283346@super.student.com
997,ריגלי צרפת,6,0525235952,0525235952@super.student.com
998,ריין דיג'ון,6,0556932979,0556932979@super.student.com
999,ריינולדס,18,0543603045,0543603045@super.student.com
1000,רמיה סי.וי.הולנד,4,0506061051,0506061051@super.student.com
1001,רנקסן,14,0541732573,0541732573@super.student.com
1002,רפאלס,10,0565369439,0565369439@super.student.com
1003,רקיט בנקיזר,33,0515426188,0515426188@super.student.com
1004,"ש. שוורץ )באר שבע( בע""\מ",10,0589772628,0589772628@super.student.com
1005,"ש. שסטוביץ בע""\מ",26,0511844248,0511844248@super.student.com
1006,ש.שוורץ,10,0571087071,0571087071@super.student.com
1007,ש.שסטוביץ,10,0544056119,0544056119@super.student.com
1008,שגב,10,0524282626,0524282626@super.student.com
1009,"שגמור בע""מ",10,0588864838,0588864838@super.student.com
1010,"שוגארט בע""מ",10,0533888287,0533888287@super.student.com
1011,שולן צ'\יקולטה גידה סאן.,14,0533093921,0533093921@super.student.com
1012,שונות,45,0575789917,0575789917@super.student.com
1013,שופרסל,37,0511163145,0511163145@super.student.com
1014,שופרסל-ייבוא,3,0565990516,0565990516@super.student.com
1015,"שוקולד פריי בע""מ",1,0554351501,0554351501@super.student.com
1016,שותפות מזרחי,10,0501763891,0501763891@super.student.com
1017,שטורק,2,0523350425,0523350425@super.student.com
1018,שטיבל,10,0532783056,0532783056@super.student.com
1019,"שטיבל בע""\מ - טחנות קמח",10,0574724243,0574724243@super.student.com
1020,"שטיבל בע""מ",10,0551713122,0551713122@super.student.com
1021,"שטיבל בע""מ - טחנת קמח",10,0538031137,0538031137@super.student.com
1022,שטראוס,14,0562173507,0562173507@super.student.com
1023,"שטראוס בריאות בע""\מ",10,0555016404,0555016404@super.student.com
1024,שטראוס גרופ,10,0543750129,0543750129@super.student.com
1025,"שטראוס גרופ בע""\מ",10,0588104810,0588104810@super.student.com
1026,"שטראוס פריטו ליי  בע""\מ",10,0513240239,0513240239@super.student.com
1027,"שטראוס פריטו ליי בע""\מ )",10,0576621261,0576621261@super.student.com
1028,"שטראוס פריטו ליי בע""מ )פ",10,0546641823,0546641823@super.student.com
1029,שטראוס קפה בי.וי,10,0553603285,0553603285@super.student.com
1030,שטראוס קפה בי.וי.,10,0548686016,0548686016@super.student.com
1031,שטראוס קפה בי.ויn\.,10,0556604756,0556604756@super.student.com
1032,שיבולים בני דרום,10,0512316224,0512316224@super.student.com
1033,שיבס ריגל,5,0512565452,0512565452@super.student.com
1034,שיק,33,0549897576,0549897576@super.student.com
1035,שלושת האופים,10,0532964895,0532964895@super.student.com
1036,שמן זית אליעד,10,0573254815,0573254815@super.student.com
1037,שמן תעשיות,10,0588157442,0588157442@super.student.com
1038,שמן תעשיות בעמ,10,0528698068,0528698068@super.student.com
1039,שנגחאי פינק פוד קומפני,33,0541846314,0541846314@super.student.com
1040,שניב,10,0571797365,0571797365@super.student.com
1041,שניב תעשיות נייר,10,0578533112,0578533112@super.student.com
1042,שקדיה,10,0561952859,0561952859@super.student.com
1043,שקרצי,10,0535306315,0535306315@super.student.com
1044,ששון,13,0522244260,0522244260@super.student.com
1045,ששון ושות,18,0563884120,0563884120@super.student.com
1046,תאי גריפטק קו,22,0538599947,0538599947@super.student.com
1047,תאי פרידה אינדסטרי,22,0512441911,0512441911@super.student.com
1048,תאיט מרקטינג אנד דיסטריב,17,0534996789,0534996789@super.student.com
1049,תבינה אס.פי.אי,10,0509961797,0509961797@super.student.com
1050,תבליני ביטון יוחאי,10,0579303052,0579303052@super.student.com
1051,תבליני טעם וריח,10,0526101816,0526101816@super.student.com
1052,"תבליני טעם וריח בע""\מ",10,0505207052,0505207052@super.student.com
1053,תה ויסוצקי,10,0528017653,0528017653@super.student.com
1054,תומר,15,0516471942,0516471942@super.student.com
1055,תות תעשיות מזון (2014) ב,10,0545808021,0545808021@super.student.com
1056,תחנת קמח המפרץ,10,0527104939,0527104939@super.student.com
1057,תמר כנרת,10,0551721657,0551721657@super.student.com
1058,תנובה,10,0544767036,0544767036@super.student.com
1059,"תנובה בע""\מ",10,0543078774,0543078774@super.student.com
1060,תנובה בעמ,10,0556593388,0556593388@super.student.com
1061,תנובה גליל שותפות מוגבלת,10,0517565419,0517565419@super.student.com
1062,תעש' מזון יבנה,10,0523402467,0523402467@super.student.com
1063,תעשיות מלח לישראל,10,0545558111,0545558111@super.student.com
1064,תעשיות פילטונה,10,0512981912,0512981912@super.student.com
1065,"תעשיות תפוגן בע""\מ",10,0556633346,0556633346@super.student.com
1066,תפוגן,10,0519196361,0519196361@super.student.com
